{"keys": ["174", "30", "110", "94", ""], "data": {"174": {"REAL": 2.877748, "INDEX": 0.579722052855, "NAME": "Russia", "AREA": 1638094, "REGION": 150, "LON": 96.689, "SUBREGION": 151, "ISO3": "RUS", "ISO2": "RU", "FIPS": "RS", "UN": 643, "LAT": 61.988, "POP2005": 143953092}, "110": {"REAL": 0, "INDEX": 0, "NAME": "Mongolia", "AREA": 156650, "REGION": 142, "LON": 102.876, "SUBREGION": 30, "ISO3": "MNG", "ISO2": "MN", "FIPS": "MG", "UN": 496, "LAT": 46.056, "POP2005": 2580704}, "94": {"REAL": 5.265721, "INDEX": 1.06077897991, "NAME": "Korea, Democratic People's Republic of", "AREA": 12041, "REGION": 142, "LON": 126.451, "SUBREGION": 30, "ISO3": "PRK", "ISO2": "KP", "FIPS": "KN", "UN": 408, "LAT": 39.778, "POP2005": 23615611}, "30": {"REAL": 8.059189, "INDEX": 1.62352283502, "NAME": "China", "AREA": 932743, "REGION": 142, "LON": 106.514, "SUBREGION": 30, "ISO3": "CHN", "ISO2": "CN", "FIPS": "CH", "UN": 156, "LAT": 33.42, "POP2005": 1312978855}}, "grid": ["                                                                ", "                                                                ", "                                                                ", "                                                                ", "                                                                ", "                                                                ", "                                                                ", "                                                                ", "                                                                ", "                                                                ", "                                                                ", "                                                                ", "                                                                ", "                                                                ", "                                                                ", "                                                                ", "                                                                ", "                                                                ", "                                                                ", "                                                                ", "                                                                ", "                                                                ", "                                                                ", "                                                                ", "                                                                ", "                                                                ", "                                                                ", "                                                                ", "                                                                ", "                                                                ", "                                                                ", "                                                                ", "                                                                ", "                                                                ", "                                                                ", "                                                                ", "                                                                ", "                                                                ", "                                              !!                ", "                                            !!!!!!!             ", "                                            !!!!!!!!            ", "                                            !!!!!!!!            ", "            ###                             !!!!!!!!            ", "            #####                          !!!!!!!!!!           ", "            ######                         !!!!!!!!!!           ", "  ####      ######    #                   !!!!!!!!!!!           ", "########   ###############        ## #   !!!!!!!!!!!!           ", "##########################      ######!!!!!!!!!!!!!!!!!!        ", "######################################!!!!!!!!!!!!!!!!!!!       ", "#####################################!!!!!!!!!!!!!!!!!!!!!      ", "##########################################!!!!!!!!!!!!!!!!    ! ", "!##########################################!!!!!!!!!!!!!!!!!!!! ", "!##########################################!!!!!!!!!!!!!!!!!!!! ", "!#######################################!!#!!!!!!!!!!!!!!!!!!!  ", "!#####################################!!!!!!!!!!!!!!!!!!!!!!!!  ", "!#####################################!!!!!!!!!!!!!!!!!!!!!!!   ", "!!#################################!!!!!!!!!!!!!!!!!!!!!!!      ", "!!!!!!#########################!!!!!!!!!!!!!!!!!!!!!!!!!!!!     ", "!!!!!!!!########################!!!!!!!!!!!!!!!!!!!!!!!!!!!     ", "!!!!!!!!########################!!!!!!!!!!!!!!!!!!!!!!!!!!!     ", "!!!!!!!!!#####################!!!!!!!!!!!!!!!!!!!!!!!!!!!$      ", "!!!!!!!!!!!!###!#############!!!!!!!!!!!!!!!!!!!!!!!!!!!$$ %%%%%", "!!!!!!!!!!!!!!!!!!######!!!!!!!!!!!!!!!!!!!!!!!!!!!!!!$$$$%%%%%%", "!!!!!!!!!!!!!!!!!!!!!#!!!!!!!!!!!!!!!!!!!!!!!!!!!!!!$$$$$%%%%%%%"]}