{"keys": ["174", "98", "110", "30"], "data": {"98": {"REAL": 3.880005, "INDEX": 0.781626627379, "NAME": "Kazakhstan", "AREA": 269970, "REGION": 142, "LON": 67.301, "SUBREGION": 143, "ISO3": "KAZ", "ISO2": "KZ", "FIPS": "KZ", "UN": 398, "LAT": 48.16, "POP2005": 15210609}, "174": {"REAL": 2.877748, "INDEX": 0.579722052855, "NAME": "Russia", "AREA": 1638094, "REGION": 150, "LON": 96.689, "SUBREGION": 151, "ISO3": "RUS", "ISO2": "RU", "FIPS": "RS", "UN": 643, "LAT": 61.988, "POP2005": 143953092}, "110": {"REAL": 0, "INDEX": 0, "NAME": "Mongolia", "AREA": 156650, "REGION": 142, "LON": 102.876, "SUBREGION": 30, "ISO3": "MNG", "ISO2": "MN", "FIPS": "MG", "UN": 496, "LAT": 46.056, "POP2005": 2580704}, "30": {"REAL": 8.059189, "INDEX": 1.62352283502, "NAME": "China", "AREA": 932743, "REGION": 142, "LON": 106.514, "SUBREGION": 30, "ISO3": "CHN", "ISO2": "CN", "FIPS": "CH", "UN": 156, "LAT": 33.42, "POP2005": 1312978855}}, "grid": ["                                                                ", "                                                                ", "                                                                ", "                                                                ", "                                                                ", "                                                                ", "                                                                ", "                                                                ", "                                                                ", "                                                                ", "                                                                ", "                                                                ", "                                                                ", "                                                                ", "                                                                ", "                                                                ", "                                                                ", "                                                                ", "                                                                ", "                                                                ", "                                                                ", "                                                                ", "                                                                ", "                                                                ", "                                                                ", "                                                                ", "                                                                ", "                                                                ", "                                                                ", "                                                                ", "                                                                ", "                                                                ", "                                                                ", "                                                                ", "                                                                ", "                                                                ", "                                                                ", "                                                                ", "                                                                ", "                                                                ", "                                                                ", "                                                                ", "!!!                                                             ", "!!!!!!                                                          ", "!!!!!!!                                                         ", "!!!!!!!                                                         ", "!!!!!!!                                                         ", "!!!!!!!                                                      ###", "!!!!!!!!                                                     ###", "!!!!!!!!!                 !                                   ##", "!!!!!!!!!                !!!                                  ##", "!!!!!!!!!!               !                                  ####", "!!!!!!!!!!             !!!                                ######", "!!!!!!!!!!!!!!!!!     !!!!                              ########", "!!!!!!!!!!!!!!!!!!!!  !!!!!!                           #########", "!!!!!!!!!!!!!!!!!!!!!!!!!!!!                ######  ############", "!!!!!!!!!!!!!!!!!!!!!!!!!!!!!               ####################", "!!!!!!!!!!!!!!!!!!!!!!!!!!!!!               ####################", "!!!!!!!!!!!!!!!!!!!!!!!!!!!!!!              ####################", "!!!!!!!!!!!!!!!!!!!!!!!!!!!!!!!!!          #####################", "!!!!!!!!!!!!!!!!!!!!!!!!!!!!!!!!!!    $$ #######################", "!!!!!!!!!!!!!!!!!!!!!!!!!!!!!$$$$!  $$$$########################", "!!!!!!!!!!!!!!!!!!!!!!!!!!!!$$$$$$$$$$$$########################", "!!!!!!!!!!!!!!!!!!!!!!!!!!!!$$$$$$$$$$$$########################"]}