{"keys": ["30", "83", "18", "32", "14", ""], "data": {"83": {"REAL": 3.761993, "INDEX": 0.757853121533, "NAME": "India", "AREA": 297319, "REGION": 142, "LON": 78.5, "SUBREGION": 34, "ISO3": "IND", "ISO2": "IN", "FIPS": "IN", "UN": 356, "LAT": 21, "POP2005": 1134403141}, "18": {"REAL": 14.0232, "INDEX": 2.82497226706, "NAME": "Burma", "AREA": 65755, "REGION": 142, "LON": 96.041, "SUBREGION": 35, "ISO3": "MMR", "ISO2": "MM", "FIPS": "BM", "UN": 104, "LAT": 21.718, "POP2005": 47967266}, "30": {"REAL": 8.059189, "INDEX": 1.62352283502, "NAME": "China", "AREA": 932743, "REGION": 142, "LON": 106.514, "SUBREGION": 30, "ISO3": "CHN", "ISO2": "CN", "FIPS": "CH", "UN": 156, "LAT": 33.42, "POP2005": 1312978855}, "14": {"REAL": 13.95883, "INDEX": 2.81200493687, "NAME": "Bangladesh", "AREA": 13017, "REGION": 142, "LON": 89.941, "SUBREGION": 34, "ISO3": "BGD", "ISO2": "BD", "FIPS": "BG", "UN": 50, "LAT": 24.218, "POP2005": 15328112}, "32": {"REAL": 0, "INDEX": 0, "NAME": "Bhutan", "AREA": 4700, "REGION": 142, "LON": 90.429, "SUBREGION": 34, "ISO3": "BTN", "ISO2": "BT", "FIPS": "BT", "UN": 64, "LAT": 27.415, "POP2005": 637013}}, "grid": ["                                                                ", "                                                                ", "                                                                ", "                                                                ", "                                                                ", "                                                                ", "                                                                ", "                                                                ", "                                                                ", "                                                                ", "                                                                ", "                                                                ", "                                                                ", "                                                                ", "                                                                ", "                                                                ", "                                                                ", "                                 !!!                            ", "                         !!!    !!!!!                           ", "                        !!!!!!!!!!!!!!                          ", "                       !!!!!!!!!!!!!!!                          ", "                       !!!!!!!!!!!!!!!                          ", "                   !!!!!!!!!!!!!!!!!!!                          ", "                  !!!!!!!!!!!!!!!!!!!!!    #                    ", "$$$              !!!!!!!!!!!!!!!!!!!!!!!!! ##                   ", "$$$            !!!!!!!!!!!!!!!!!!!!!!!!!!!####                  ", "$$$$$$$$$$     !!!!!!!!!!!!!!!!!!!!!!!!!!!!###                  ", "$$$$$$$$$$  !!!!!!!!!!!!!!!!!!!!!!!!!!!!!!#####                 ", "$$$$$$$$$!!!!!!!!!!!!!!!!!!!!!!!!!!!!!!!#######                 ", "$$$$$$$$$!!!!!!!!!!!!!!!!!!!!!!!!!!!!!!!####### #               ", "$$$$$$$$$$$$!!!!!!!!!!!!!!!!!!!!!!!!!!!!!#########              ", "$$$$$$$$$$$$!!!!!!!!!!!!!!!!!!!!!!!####!!#########              ", "$$$$$$$$$$$$!!!!!!!!!!!!!!!!!!!!!!!###############              ", "$!!$$$$$!$!!!!!!!!!!!!!!!!!!!!!!!#################              ", "!!!!!!!!!!!!!!!!!!!!!!!!!!!!!!!!##################              ", "!!!!!!!!!!!!!!!!!!!!!!!!!!!!!!####################              ", "!!!!!!!!!!!!!!!!!!!!!!!!!!!!!#####################              ", "!!!!!!!!!!!!!!!!!!!!!!!!!!!!!!####################              ", "!!!!!!!!!!!!!!!!!!!!!!!!!!!!!!###################               ", "!!!!!!!!!!!!!!!!!!!!!!!!!!!!!!###################               ", "!!!!!!!!!!!!!!!!!!!!!!!!!!!!!###################                ", "!!!!!!!!!!!!!!!!!!!!!!!!!!!!!##################                 ", "!!!!!!!!!!!!!!!!!!!!!!!!!!!!##################                  ", "!!!!!!!!!!!!!!!!!!!!!!!!!!!###################                  ", "%%!!!!!%!!!!!!!!!!!!!!!!!!!!################                    ", "%%%%%%%%%%%%%%!!!!!!!!!!!!!!################                    ", "%%%%%%%%%%%%%!!!!!!!!!!!!!!################                     ", "%%%%%%%%%%%%%!!!!!!!!!!!!!!################                     ", "%%%%%%%%%%%%!!!!!!!!!!!!!!#################                     ", "%%%%%%%%%%%!!!!!!!!!!!!!!###################                    ", "%%%%%%%%%%!!!!!!!!!!!!!!!###################                    ", "%%%%%%%!!!!!!!!!!!!!!!!!!##################   ####              ", "%%%%%%%!!!!!!!!!!!!!###!###################  ####               ", "%%%%%%%!!!!!!!!!!!!!##############################              ", "%%%%%%%!!!!!%!!!!!!!##############################              ", "%%%%%%%!!!!%%!!!!!!!###############################             ", "%%%%%%%%!!!%%!!!!!!!###############################             ", "%%%%%%%%!!!%%!!!!!!!################################ #          ", "%%%%%%%%%!%%%%!!!!!###################################          ", "%%%%%%%%%%%%%%!!!!###################################           ", "%%%%%%%%%%%%%%!!!!###################################           ", "%%%%%%%%%%%%%%%!!!!##################################           ", "%%%%%%%&&&%%%%%!!!!#################################            ", "%%%%%%%&&&&%%%%!!!##################################            "]}