{"keys": ["174", "30"], "data": {"174": {"REAL": 2.877748, "INDEX": 0.579722052855, "NAME": "Russia", "AREA": 1638094, "REGION": 150, "LON": 96.689, "SUBREGION": 151, "ISO3": "RUS", "ISO2": "RU", "FIPS": "RS", "UN": 643, "LAT": 61.988, "POP2005": 143953092}, "30": {"REAL": 8.059189, "INDEX": 1.62352283502, "NAME": "China", "AREA": 932743, "REGION": 142, "LON": 106.514, "SUBREGION": 30, "ISO3": "CHN", "ISO2": "CN", "FIPS": "CH", "UN": 156, "LAT": 33.42, "POP2005": 1312978855}}, "grid": ["                                                                ", "                                                                ", "                                                                ", "                                                                ", "                                                                ", "                                                                ", "                                                                ", "                                                                ", "                                                                ", "                                                                ", "                                                                ", "                                                                ", "                                                                ", "                                                                ", "                                                                ", "                                                                ", "                                                                ", "                                                                ", "                                                                ", "                                                                ", "                                                                ", "                                                                ", "                                                                ", "                                                                ", "                                                                ", "                                                                ", "                                                                ", "                                                                ", "                                                                ", "                                                                ", "                                                                ", "                                                                ", "                                                                ", "                                                                ", "                                                                ", "                                                                ", "                                                                ", "                                                                ", "                                                                ", "                                                                ", "                                                                ", "                                                                ", "                                                                ", "                                                                ", "                                                                ", "                                                                ", "                                                                ", "                                                                ", "                                                                ", "                                                                ", "                                                                ", "                                                                ", "                                                                ", "                                                                ", "                                                                ", "                                                                ", "!!                                                              ", "!!                                                              ", "!!                                                              ", "!!!!                                                            ", "!!!!!                                                           ", "!!!!!!                                                          ", "!!!!!!                                                          ", "!!!!!!!                                                         "]}