{"keys": ["98", "93", "211", "30"], "data": {"98": {"REAL": 3.880005, "INDEX": 0.781626627379, "NAME": "Kazakhstan", "AREA": 269970, "REGION": 142, "LON": 67.301, "SUBREGION": 143, "ISO3": "KAZ", "ISO2": "KZ", "FIPS": "KZ", "UN": 398, "LAT": 48.16, "POP2005": 15210609}, "93": {"REAL": 0, "INDEX": 0, "NAME": "Kyrgyzstan", "AREA": 19180, "REGION": 142, "LON": 74.555, "SUBREGION": 143, "ISO3": "KGZ", "ISO2": "KG", "FIPS": "KG", "UN": 417, "LAT": 41.465, "POP2005": 5203547}, "30": {"REAL": 8.059189, "INDEX": 1.62352283502, "NAME": "China", "AREA": 932743, "REGION": 142, "LON": 106.514, "SUBREGION": 30, "ISO3": "CHN", "ISO2": "CN", "FIPS": "CH", "UN": 156, "LAT": 33.42, "POP2005": 1312978855}, "211": {"REAL": 0.000511343, "INDEX": 0.000103009997287, "NAME": "Uzbekistan", "AREA": 42540, "REGION": 142, "LON": 63.17, "SUBREGION": 143, "ISO3": "UZB", "ISO2": "UZ", "FIPS": "UZ", "UN": 860, "LAT": 41.75, "POP2005": 26593123}}, "grid": ["                                                                ", "                                                                ", "                                                                ", "                                                                ", "                                                                ", "                                                                ", "                                                                ", "                                                                ", "                                                                ", "                                                                ", "                                                                ", "                                                                ", "                                                                ", "                                                                ", "                                                                ", "                                                                ", "                                                                ", "                                                                ", "                                                                ", "                                                                ", "                                                                ", "                                                                ", "                                                                ", "                                                                ", "                                                                ", "                                                                ", "                                                                ", "                                                                ", "                                                                ", "                                                                ", "                                                                ", "                                                                ", "                                                                ", "                                                                ", "                                                                ", "                                                                ", "                                                                ", "                                                                ", "                                                                ", "                                                                ", "                                                                ", "                                                                ", "                                                                ", "                                                                ", "                                                                ", "                                                                ", "                                                                ", "                                                                ", "                                    !!!!!                       ", "                                   !!!!!!!            !         ", "                                   !!!!!!!!!!! !!!!!!!!!!!!!!!!!", "                      !!!!!!!      !!!!!!!!!!!!!!!!!!!!!!!!!!!!!", "                     !!!!!!!!!!    !!!!!!!!!!!!!!!!!!!!!!!!!!!!!", "                    !!!!!!!!!!!!!  !!!!!!!!!!!!!!!!!!!!!!!!!!!!!", "                    ##!!!!!!!!!!!!!!!!!!!!!!!!!!!!!!!!!!!!!!!!!!", "                  ####!!!!!!!!!!!!!!!!!!!!!!!!!!!!!!!!!!!!!!!!!!", "                #####!!!!!!!!!!!!!!!!!!!!!!!!!!!!!!!!!!!!!!!!!!!", "               #####!!!!!!!!!!!!!!!!!!!!!!!!!!!!!!!!!!!!!!!!!!!!", "              ####!!!!!!!!!!!!!!!!!!!!!!!!!!!!!!!!!!!!!!!!!!!!!!", "            #####!!!!!!!!!!!!!!!!!!!!!!!!!!!!!!!!!!!!!!!!!!!!!!!", "          #######!#!!!!##!!!!!!!!!!!!!!!!!!!!!!!!!!!!!!!!!!!!!!!", "         ##########!!!#!##!!!!!!!!!!!!!!!!!!!!!!!!!!!!!!!!!!!!!$", " ##      ##################!!!!!!!!!!!!!!!!!!!!!!!!!!!!!!!!!!!$$", "####   ####################!!!!!!!!!!!!!!!!!!!!!!!!!!!!!!!!!!!$$"]}