{"keys": ["98", "211", "203"], "data": {"98": {"REAL": 3.880005, "INDEX": 0.781626627379, "NAME": "Kazakhstan", "AREA": 269970, "REGION": 142, "LON": 67.301, "SUBREGION": 143, "ISO3": "KAZ", "ISO2": "KZ", "FIPS": "KZ", "UN": 398, "LAT": 48.16, "POP2005": 15210609}, "203": {"REAL": 5.636103, "INDEX": 1.13539239755, "NAME": "Turkmenistan", "AREA": 46993, "REGION": 142, "LON": 59.384, "SUBREGION": 143, "ISO3": "TKM", "ISO2": "TM", "FIPS": "TX", "UN": 795, "LAT": 39.122, "POP2005": 4833266}, "211": {"REAL": 0.000511343, "INDEX": 0.000103009997287, "NAME": "Uzbekistan", "AREA": 42540, "REGION": 142, "LON": 63.17, "SUBREGION": 143, "ISO3": "UZB", "ISO2": "UZ", "FIPS": "UZ", "UN": 860, "LAT": 41.75, "POP2005": 26593123}}, "grid": ["                                                                ", "                                                                ", "                                                                ", "                                                                ", "                                                                ", "                                                                ", "                                                                ", "                                                                ", "                                                                ", "                                                                ", "                                                                ", "                                                                ", "                                                                ", "                                                                ", "                                                                ", "                                                                ", "                                                                ", "                                                                ", "                                                                ", "                                                                ", "                                                                ", "                                                                ", "                                                                ", "                                                                ", "                                                                ", "                                                                ", "                                                                ", "                                                                ", "            !!                                                  ", "         !!!!!!!                                                ", "      !!!!!!!!!!!                                               ", "   !!!!!!!!!!!!!!!                                              ", "!!!!!!!!!!!!!!!!!!!!                                            ", "!!!!!!!!!!!!!!!!!!!!!                                           ", "!!!!!!!!!!!!!!!!!!!!!!                                          ", "!!!!!!!!!!!!!!!!!!!!!!!!                                        ", "!!!!!!!!!!!!!!!!!!!!!!!!!                                       ", "!!!!!!!!!!!!!!!!!!!!!!!!!!                                      ", "!!!!!!!!!!!!!!!!!!!!!!!!!!!!                                    ", "!!!!!!!!!!!!!!!!!!!!!!!!!!!!!                                   ", "!!!!!!!!!!!!!!!!!!!!!!!!!!!!!!                                  ", "!!!!!!!!!!!!!!!!!!!!!!!!!!!!!!!                                 ", "!!!!!!!!!!!!!!!!!!!!!!!!!!!!!!!                                 ", "!!!!!!!!!!!!!!!!!!!!!!!!!!!!!!!!                !!!             ", "!!!!!!!!!!!!!!!!!!!!!!!!!!!!!!!!!  !!!!!!!!!!!!!!!!             ", "!!!!!!!!!!!!!!!!!!!!!!!!!!!!!!!!!!!!!!!!!!!!!!!!!!!!            ", "!!!!!!!!!!!!!!!!!!!!!!!!!!!!!!!!!!!!!!!!!!!!!!!!!!!!!!          ", "!!!!!!!!!!!!!!!!!!!!!!!!!!!!!!!!!!!!!!!!!!!!!!!!!!!!!!          ", "!!!!!!!!!!!!!!!!!!!!!!!!!!!!!!!!!!!!!!!!!!!!!!!!!!!!!!!         ", "!!!!!!!!!!!!!!!!!!!!!!!!!!!!!!!!!!!!!!!!!!!!!!!!!!!!!!!!!       ", "!!!!!!!!!!!!!!!!!!!!!!!!!!!!!!!!!!!!!!!!!!!!!!!!!!!!!!!!!       ", "!!!!!!!!!!!!!!!!!!!!!!!!!!!!!!!!!!!!!!!!!!!!!!!!!!!!!!!!!       ", "!!!!!!!!!!!!!##!!!!!!!!!!!!!!!!!!!!!!!!!!!!!!!!!!!!!!!!!!       ", "!!!!!!!!!!##!####!!!!!!!!!!!!!!!!!!!!!!!!!!!!!!!!!!!!!!!!       ", "!!!!!!!!!!##!!####!!#!!!!!!!!!!!!!!!!!!!!!!!!!!!!!!!!!!!        ", "!!!!!!!!!!############!!!!!!!!!!!!!!!!!!!!!!!!!!!!!!!!!!        ", "!!!!!!################!!!!!!!!!!!!!!!!!!!!!!!!!!!!!!!!!!!!!     ", "!!!!!#################!!!!!!!!!!!!!!!!!!!!!!!!!!!!!!!!!!!!!     ", "!!!!!#################!!!!!!!!!!!!!!!!!!!!!!!!!!!!!!!!!!!!!     ", "!!!!!#################!!!!!!!!!!!!!!!!!!!!!!!!!!!!!!!!!!!!!!    ", "!!!!!#################!!!!!!!!!!!!!!!!!!!!!!!!!!!!!!!!!!!!!!    ", "!!!!!!################!!!!!!!!!!!!!!!!!!!!!!!!!!!!!!!!!!!!!!    ", "####!###################!!!!!!#!!!!!!!!!!!!!!!!!!!!!!!!!!!!!    ", "################################!!!!!!!!!!!!!!!!!!!!!!!!!!!!!!!!"]}