{"keys": ["", "41", "120", "34", "15", "75", "79", "158", "55", "38"], "data": {"38": {"REAL": 2.004576, "INDEX": 0.403821638943, "NAME": "Colombia", "AREA": 103870, "REGION": 19, "LON": -73.076, "SUBREGION": 5, "ISO3": "COL", "ISO2": "CO", "FIPS": "CO", "UN": 170, "LAT": 3.9, "POP2005": 4494579}, "15": {"REAL": 15.78399, "INDEX": 3.17968324017, "NAME": "Belize", "AREA": 2281, "REGION": 19, "LON": -88.602, "SUBREGION": 13, "ISO3": "BLZ", "ISO2": "BZ", "FIPS": "BH", "UN": 84, "LAT": 17.219, "POP2005": 275546}, "55": {"REAL": 1.723826, "INDEX": 0.347264578929, "NAME": "El Salvador", "AREA": 2072, "REGION": 19, "LON": -88.866, "SUBREGION": 13, "ISO3": "SLV", "ISO2": "SV", "FIPS": "ES", "UN": 222, "LAT": 13.736, "POP2005": 6668356}, "158": {"REAL": 1.461811, "INDEX": 0.294481682832, "NAME": "Nicaragua", "AREA": 12140, "REGION": 19, "LON": -85.034, "SUBREGION": 13, "ISO3": "NIC", "ISO2": "NI", "FIPS": "NU", "UN": 558, "LAT": 12.84, "POP2005": 5462539}, "41": {"REAL": 10.03804, "INDEX": 2.02216217523, "NAME": "Cuba", "AREA": 10982, "REGION": 19, "LON": -77.781, "SUBREGION": 29, "ISO3": "CUB", "ISO2": "CU", "FIPS": "CU", "UN": 192, "LAT": 21.297, "POP2005": 11259905}, "120": {"REAL": 2.712069, "INDEX": 0.546346034526, "NAME": "Mexico", "AREA": 190869, "REGION": 19, "LON": -102.535, "SUBREGION": 13, "ISO3": "MEX", "ISO2": "MX", "FIPS": "MX", "UN": 484, "LAT": 23.951, "POP2005": 104266392}, "75": {"REAL": 0.3095247, "INDEX": 0.0623537205111, "NAME": "Guatemala", "AREA": 10843, "REGION": 19, "LON": -90.398, "SUBREGION": 13, "ISO3": "GTM", "ISO2": "GT", "FIPS": "GT", "UN": 320, "LAT": 15.256, "POP2005": 12709564}, "34": {"REAL": -999.99, "INDEX": -999.99, "NAME": "Cayman Islands", "AREA": 26, "REGION": 19, "LON": -81.198, "SUBREGION": 29, "ISO3": "CYM", "ISO2": "KY", "FIPS": "CJ", "UN": 136, "LAT": 19.314, "POP2005": 45591}, "79": {"REAL": 2.165212, "INDEX": 0.436181745416, "NAME": "Honduras", "AREA": 11189, "REGION": 19, "LON": -86.863, "SUBREGION": 13, "ISO3": "HND", "ISO2": "HN", "FIPS": "HO", "UN": 340, "LAT": 14.819, "POP2005": 683411}}, "grid": ["                             !!!!!!     !!             !!!!!!!!!", "                               !       !!!!      !       !!!!!!!", "        #####  ###                     !!!!     !           !!!!", "      #############                    !!!                      ", "###################                                             ", "###################                                         !!  ", "###################                                           ! ", "##################                                             !", "##################                                              ", "################ ##                                             ", "################ #                                              ", "###############                                                 ", "###############                                                 ", "###############                                           $     ", "###############                                         $       ", "###############                                                 ", "###############                                  $$             ", "###############                                                 ", "##############                                                  ", "##############                                                  ", "##############                                                  ", "########## ##  #                                                ", "#########%%%#                                                   ", "########%%%%#                                                   ", "########%%%%%                                                   ", "######%%%%%                                                     ", "&&&&&&%%%%%%                                                    ", "&&&&&&%%%%% %                     '                             ", "&&&&&&%%%%  %                                                   ", "&&&&&&%%%%%                                                     ", "&&&&&&%%%%%                                                     ", "&&&&&%%%%%                                                      ", "&&&&&%%%%%                                                      ", "&&&&&%%%%%          '' '                                        ", "&&&&&%%%%          '                                            ", "&&&&&%%%         ''                                             ", "&&&&&&& &   ''        '''''''''                                 ", "&&&&&&&&&&''''''''''''''''''''''''                              ", "&&&&&&&&&''''''''''''''''''''''''''                             ", "&&&&&&&&''''''''''''''''''''''''''''                            ", "&&&&&&&'''''''''''''''''''''''''''''''                          ", "&&&&&''''''''''''''''''''''''''''''''''                         ", "&&&&&'''''''''''''''''''''''''''''''(((                         ", "&&&&&''''''''''''''''''''''''((''((((((                         ", "&&&&''''''''''''''''''''''''(((((((((((                         ", "&&&&'''''''''''''''''''''''((((((((((((  (                      ", "&&&)))''''''''''''''''''''(((((((((((((                         ", "&&)))))'''''''''''''''(''((((((((((((((                         ", "&))))))))''''''''''''(((((((((((((((((                          ", ")))))))))))))'''''((((((((((((((((((((                          ", " ))))))))))))''''''(((((((((((((((((((                          ", "     )))))))'''''''((((((((((((((((((            *              ", "       ))))))'''''(((((((((((((((((((                           ", "              ('((((((((((((((((((((((                          ", "             (((((((((((((((((((((((((                          ", "               ((((((((((((((((((((((                           ", "                ((((((((((((((((((((((         *                ", "                 ((((((((((((((((((( (  (                       ", "                  (((((((((((((((((((                           ", "                   ((((((((((((((((((                           ", "                    (((((((((((((((((                           ", "                    (((((((((((((((((                           ", "                      ((((((((((((((                            ", "                       (((((((((((((                            "]}